{"stats":{"minecraft:picked_up":{"minecraft:mutton":4,"minecraft:wheat_seeds":2,"minecraft:dandelion":6,"minecraft:white_wool":3,"minecraft:dirt":6},"minecraft:killed":{"minecraft:sheep":3},"minecraft:custom":{"minecraft:jump":24,"minecraft:time_since_rest":4114,"minecraft:damage_dealt":243,"minecraft:leave_game":4,"minecraft:play_time":4114,"minecraft:sprint_one_cm":1108,"minecraft:time_since_death":4114,"minecraft:walk_one_cm":26365,"minecraft:total_world_time":4114,"minecraft:mob_kills":3,"minecraft:fly_one_cm":1263},"minecraft:mined":{"minecraft:grass":7,"minecraft:grass_block":5,"minecraft:dandelion":6,"minecraft:dirt":1},"minecraft:used":{"minecraft:dirt":4,"minecraft:dandelion":4}},"DataVersion":3465}