{"stats":{"minecraft:picked_up":{"minecraft:mutton":4,"minecraft:wheat_seeds":2,"minecraft:dandelion":5,"minecraft:white_wool":3,"minecraft:dirt":6},"minecraft:used":{"minecraft:dirt":4,"minecraft:dandelion":4},"minecraft:killed":{"minecraft:sheep":3},"minecraft:mined":{"minecraft:grass":7,"minecraft:grass_block":5,"minecraft:dandelion":6,"minecraft:dirt":1},"minecraft:custom":{"minecraft:jump":13,"minecraft:time_since_rest":2317,"minecraft:damage_dealt":243,"minecraft:leave_game":2,"minecraft:play_time":2317,"minecraft:sprint_one_cm":255,"minecraft:time_since_death":2317,"minecraft:walk_one_cm":18656,"minecraft:total_world_time":2317,"minecraft:mob_kills":3}},"DataVersion":3465}